student_id,name,class,section,address,phone_number
1,Ferris Burnel,5,D,83 Leroy Alley,9196603770
2,Ilse McCoveney,5,D,35 Cambridge Alley,7229523308
3,Candy Daffey,5,D,09185 Holy Cross Junction,1861000515
4,Stirling Marciek,5,D,645 Pawling Terrace,5848448348
5,Kara Sutherley,5,D,94681 Marquette Way,5986238005
6,Trudie Joontjes,5,D,873 Myrtle Avenue,8488521617
7,Nancee Rolfi,5,A,34 Kipling Hill,2301049341
8,Mara Gibb,5,C,694 Blaine Alley,1171253551
9,Devin Simner,5,D,44551 Mccormick Terrace,3908990822
10,Kettie Ellens,5,B,64216 Del Sol Terrace,3845585305
11,Rudolf Lightman,5,A,8 Mallard Way,9093640636
12,Adelina Garrett,5,C,590 Haas Avenue,4558720383
13,Mela Gilchrest,5,A,279 Surrey Place,7171503930
14,Halley Pigny,5,C,58 Linden Junction,8348392593
15,Lydon Luty,5,D,40730 Carioca Hill,7745822053
16,Georgiana Iron,5,D,2090 Melrose Trail,3137630569
17,Fenelia Hurleston,5,C,62101 1st Park,1122635998
18,Genna Morshead,5,D,68765 Everett Lane,3841991588
19,Jerrold MacBrearty,5,D,3182 Farragut Lane,7048555230
20,Ira Beetham,5,D,89725 Springs Crossing,2763304363
21,Scot Iddens,5,D,70 Spaight Road,1337004577
22,Judye Riccelli,5,D,523 Mallory Crossing,6327386697
23,Niels Loosemore,5,A,535 Shasta Circle,3434611736
24,Jaynell Turland,5,D,906 Oneill Place,5901866242
25,Adara Kleanthous,5,D,3876 Cordelia Circle,7146783390
26,Durand Thundercliffe,5,D,3486 Packers Court,2452011378
27,Boycie Coite,5,D,42 Meadow Valley Alley,8375291495
28,Caro Chastelain,5,D,14227 Crest Line Alley,8508820941
29,Tudor Swetland,5,C,50277 Esker Circle,4872921155
30,Krissy Lowensohn,5,A,85 1st Park,6895068371
31,Dion Titman,5,D,019 Kenwood Point,1953932974
32,Adham Buttrey,5,C,1922 Bellgrove Point,2463118778
33,Hermine Joire,5,D,7470 Shopko Junction,2152955466
34,Devinne Bockmann,5,C,64 Gulseth Trail,3601833357
35,Evelyn Bulfoy,5,D,2981 Sutteridge Court,3712557372
36,Rebecca Cholmondeley,5,D,9 Crowley Way,1067125090
37,Findlay Brabon,5,B,7236 Shelley Road,4814270545
38,Lyn Beckworth,5,B,389 Oxford Terrace,3189935547
39,Sammie Preator,5,B,83 La Follette Lane,9931833944
40,Winnie Stoite,5,A,683 Tennessee Avenue,9076450858
41,Lilla Wigelsworth,5,A,39382 Forest Dale Street,5111482935
42,Georgie Springthorpe,5,C,32682 Hanson Junction,8769101544
43,Pavlov Sorrill,5,C,02872 Dovetail Terrace,9439756926
44,Karon Worswick,5,C,0370 Scott Park,5312965274
45,Jemmie Chaney,5,A,412 Merrick Crossing,7874206064
46,Isabel Sybry,5,C,0481 Johnson Parkway,4012256067
47,Gretel Paulitschke,5,C,14361 Mayfield Way,6527877485
48,Gabie Assinder,5,C,14 Delaware Alley,5151519435
49,Kip Thundercliffe,5,B,5357 Harper Lane,3794969258
50,Davidde MacAlpine,5,D,40278 Rockefeller Court,3487723612
51,Gan Brewin,5,D,6 Meadow Vale Avenue,4811013230
52,Calhoun McCullagh,5,C,2095 Homewood Alley,8565664770
53,Crissy Glendza,5,A,843 Carpenter Place,8164275578
54,Leora Dady,5,C,4 Hollow Ridge Lane,8724509257
55,Felicia Schlagman,5,A,81 Homewood Avenue,4175819210
56,Hedvig Grute,5,C,13272 Eastwood Pass,5121352827
57,Virgina Grigaut,5,C,891 Fairview Street,2671258199
58,Beatrice Bagott,5,B,47984 Granby Hill,5212882115
59,Sully Dell Casa,5,D,31 Dixon Terrace,3346263835
60,Dallas Mac Geaney,5,B,7382 Valley Edge Point,3491704986
61,Glyn Rosten,5,D,580 Red Cloud Lane,5441917294
62,Pieter Janecki,5,D,5 Manley Parkway,2301990578
63,Jacinthe Hick,5,B,19 Brown Court,5143554411
64,Rorie Bloomfield,5,D,1172 Bashford Junction,6319108353
65,Celka Menear,5,C,7873 Hoepker Circle,2402025322
66,Ynes Jaram,5,D,61859 Glacier Hill Lane,3696149766
67,Ronda Poag,5,C,24171 Briar Crest Parkway,9208612121
68,Wallis Kuhnwald,5,A,9 Nevada Place,1718985029
69,Pen McEneny,5,A,0439 Dovetail Way,8834340139
70,Tiffani Ferie,5,C,958 Hansons Hill,9821761433
71,Michail Trevaskis,5,D,78 Weeping Birch Hill,6937953581
72,Lawton Woodall,5,D,960 Grover Place,1796906057
73,Graham Lambe,5,D,6 Messerschmidt Crossing,8432524918
74,Gus Clery,5,D,66702 Burrows Pass,3773457337
75,Quincey Moorhead,5,A,12674 Stoughton Lane,9643233387
76,Philippe Quickfall,5,C,4 Tennessee Plaza,1482364421
77,Garnette Obal,5,C,69477 Nova Crossing,5455870932
78,Abey Matton,5,D,527 Waubesa Avenue,2059506248
79,Wallace Coffelt,5,C,1962 7th Court,2585838776
80,Dorice MacNalley,5,D,82338 Montana Parkway,1838863114
81,Brandtr Norkutt,5,D,802 Dexter Road,9687754781
82,Willem Cowmeadow,5,A,3183 Algoma Court,4413594199
83,Hailee Sparshett,5,A,76 Derek Junction,2185234277
84,Elmira Dunston,5,C,94653 Pond Point,5597622189
85,Tina Kinder,5,D,5 Old Gate Court,7788438430
86,Geoffrey Klemt,5,A,09 School Plaza,1192817602
87,Alonso Salmons,5,B,43 Rieder Crossing,8289069622
88,Eleen Horrell,5,D,52 Melby Drive,1127154646
89,Gretta Binyon,5,C,94079 Pleasure Hill,1689914440
90,Jean Spread,5,A,78 Ronald Regan Circle,3323543062
91,Vaclav Biesty,5,B,680 Norway Maple Plaza,1856387269
92,Gerrie Derington,5,D,6 Brentwood Plaza,5504811810
93,Jordain Shetliff,5,C,45493 Little Fleur Plaza,3974501690
94,Daniel Poynton,5,D,43247 Mallard Hill,6862444169
95,Kinnie Brackpool,5,D,31800 Sage Junction,5273157726
96,Hamid Maris,5,C,358 Fisk Junction,6885416982
97,Mayor Silverwood,5,D,5 Holy Cross Lane,7807658281
98,Pietro Tolwood,5,D,515 Pine View Alley,5114124486
99,Teador Kilmary,5,D,4354 Thierer Plaza,5829440198
100,Roxane Bentham3,5,C,68 Hoepker Court,4017250432
101,Ilise Finey,5,D,534 Nova Pass,7052804621
102,Sergent Esser,5,C,3 Oxford Hill,1716326142
103,Zelma Colebourn,5,B,8 Bluejay Park,9302414921
104,Lu Brookzie,5,D,9769 Service Parkway,3524748321
105,Anestassia Meynell,5,D,6920 Hovde Trail,6028288844
106,Dex Croft,5,C,91709 Kinsman Hill,6748513465
107,Kati Elfe,5,B,3 Doe Crossing Circle,1589659503
108,Dall Verbeke,5,C,9199 Shelley Park,8643519124
109,Brigham Byrde,5,D,01751 Bartelt Avenue,6014680380
110,Jesse Snedden,5,D,5 Carioca Way,9803699914
111,Norrie Ranstead,5,D,1752 Knutson Lane,9162220883
112,Lethia Twiddell,5,D,945 Lakewood Gardens Center,3736238822
113,Selma Bingell,5,B,55 Eggendart Hill,3243475772
114,Livy Devaney,5,D,52931 Marquette Alley,8514730513
115,Alleyn Heatley,5,D,586 Riverside Plaza,3985325369
116,Micheline Borchardt,5,D,40024 Fallview Lane,4205938538
117,Vin Duckett,5,D,9317 Coolidge Alley,3587971089
118,Elvera Moxson,5,B,889 Northfield Hill,4781840756
119,Melvin Stinchcombe,5,A,3332 Brown Street,4292447748
120,Fiorenze Enga,5,A,83 Center Center,7206721550
121,Franny Bracer,5,C,870 Clyde Gallagher Pass,5361775654
122,Herman Dark,5,D,12 Saint Paul Place,8224607620
123,Salomon Walsh,5,D,2089 Becker Terrace,7354550172
124,Hastings Gatling,5,C,0834 Eastlawn Pass,6722849119
125,Juanita Rowlings,5,D,26116 Porter Park,5114011533
126,Garrick De Vaan,5,B,3483 Menomonie Lane,4671264991
127,Ailee Poor,5,D,485 Utah Crossing,6473262447
128,Hunter Zorener,5,B,6 Artisan Terrace,3325224887
129,Kristo Harpham,5,C,84 Bayside Circle,3006040479
130,Cyndi Tallet,5,A,3 Golf Junction,7998749859
131,Rubetta Pietri,5,D,0885 Merry Pass,5836163004
132,Enos Dutson,5,D,67 Blaine Way,1146796992
133,Sandie Matzeitis,5,C,0358 Sloan Junction,8254985576
134,Berkie Stoffer,5,B,8 Truax Point,4167260482
135,Caresa Deschlein,5,A,04 Hanover Court,6128817359
136,Remus Trent,5,D,4129 Carioca Center,9828158458
137,Moll Davioud,5,B,4 Utah Way,5393976976
138,Dwain Carletto,5,C,78 Coleman Parkway,8044930990
139,Brandi Snalham,5,D,958 Orin Point,6358630392
140,Lianna Beeble,5,A,4 Graedel Avenue,1136520312
141,Carlyle Mowle,5,C,163 Dapin Street,5125607297
142,Gabriela Kinnier,5,D,8211 Thackeray Court,9423403940
143,Von Van der Brugge,5,D,8 Mandrake Terrace,8815151733
144,Riobard Turri,5,D,176 Pine View Road,5392185264
145,Thea Kobieriecki,5,D,8006 Warner Plaza,6457785390
146,Melisande Dounbare,5,A,6 Bayside Trail,8095562209
147,Sherie Grishankov,5,A,01 Toban Drive,1824145898
148,Kaspar Kerbler,5,A,12373 Lukken Place,5285548419
149,Annnora Gillbanks,5,A,344 Orin Court,4017547184
150,Lawton Miche,5,C,499 Thackeray Plaza,1092217410
151,Jacobo Yerbury,5,D,6 Eagan Court,9231859830
152,Harbert Kearey,5,D,65438 Nancy Street,6997308698
153,Bartel Oldacres,5,B,78847 Mifflin Junction,6946301764
154,Theodore McIlroy,5,D,7190 Burrows Place,9671607964
155,Arabella Heyward,5,C,7 Melrose Crossing,5149090916
156,Marysa Nyssen,5,D,062 Miller Court,2147776921
157,Buddy Fance,5,D,46118 Sullivan Plaza,8877070730
158,Marrissa Joberne,5,D,5 Sunbrook Drive,6644953068
159,Randy Puden,5,D,7 Kensington Pass,2615982373
160,Smith Macklam,5,A,37547 Karstens Junction,2271621052
161,Hill Cannings,5,D,16094 Coleman Avenue,4131916879
162,Sly Perham,5,D,63 Scofield Alley,8969832583
163,Ferguson Doumerc,5,C,49 Ruskin Junction,3323667677
164,Laurene Dodsworth,5,B,735 Calypso Place,3264792469
165,Roby Gettings,5,D,0 Pond Trail,7384921986
166,Hernando Gwilym,5,A,7600 Brown Junction,5937307889
167,Arlan Schroder,5,D,75 Crest Line Center,7401512862
168,Raina Swate,5,C,8933 Sunfield Street,7759526865
169,Ainslie Ollivier,5,B,17957 Bartelt Alley,3161454343
170,Leeann McCanny,5,D,6458 Pankratz Point,8202850551
171,Peadar Monard,5,D,3730 Shelley Crossing,7229317009
172,Stanfield Hobbert,5,A,96239 Rowland Point,4211829765
173,Kingston Sygroves,5,C,20671 Homewood Drive,3555580881
174,Ardelle Siggins,5,C,758 Northwestern Crossing,9795207726
175,Sydelle Brocklehurst,5,D,9346 Barby Way,2697815498
176,Beverlie McDonagh,5,D,80 Briar Crest Road,2584282813
177,Bibi Brenstuhl,5,D,61448 Petterle Street,8592375154
178,Sybille Loxston,5,C,1 Pierstorff Trail,1445122976
179,Brit Chesterton,5,D,13 Dovetail Street,1669469568
180,Chloris Cotherill,5,C,5 Hallows Avenue,7286546776
181,Shawn De Ruggiero,5,D,34568 Dayton Way,5209611146
182,Orion Broseke,5,D,827 Rieder Avenue,6118991559
183,Moina Alessandrini,5,D,6 Eggendart Court,4666567068
184,Kristopher Tonsley,5,D,054 Bashford Street,5378019669
185,Helga Threlkeld,5,D,37 Moose Circle,1975406922
186,Alicea Livesey,5,D,991 Manufacturers Place,2356344442
187,Bianca Bindon,5,C,395 Holmberg Pass,3937718118
188,Ashbey Obin,5,B,384 John Wall Pass,1878780588
189,Brana Durtnell,5,D,152 North Trail,7555520489
190,Karine Pasley,5,C,6434 Troy Street,4193821733
191,Myriam Gullan,5,C,6 Express Hill,2405343060
192,Iorgo Carsey,5,D,07 Southridge Way,8841132785
193,Chloris Klemz,5,D,58808 Upham Street,2184822673
194,Janna Saggers,5,D,03249 Katie Parkway,9401349270
195,Anny Eakins,5,C,0 Glendale Point,9828892194
196,Sindee Lintill,5,C,2171 Mayfield Terrace,8107524848
197,Rab Dodshon,5,A,4948 Muir Point,9951632158
198,Hunfredo Trevna,5,C,7 Hoffman Drive,1485678028
199,Dasha Schaben,5,A,749 Anhalt Hill,2941616565
200,Quinn Reddings,5,D,39 Onsgard Court,1298262111
201,Marielle Jerdon,5,C,17473 Dawn Avenue,4793219090
202,Ivy Stammler,5,D,6 Kingsford Plaza,3968340822
203,Nollie Tyre,5,C,483 Springs Center,4965308795
204,Shell Dyerson,5,A,1 Mccormick Avenue,5651431954
205,Ofilia Tripony,5,C,4 Hintze Trail,7803893127
206,Nelly Treleaven,5,B,12 Merrick Point,7246887879
207,Kinny Ogden,5,C,88894 Meadow Valley Junction,3276237337
208,Loy Dalston,5,C,8 Northwestern Plaza,6706304215
209,Doretta Whylie,5,C,8295 Welch Drive,6316690432
210,Carmita Carrier,5,A,75467 Mendota Trail,8577970034
211,Zollie Pendergast,5,D,4599 Springview Trail,1503537877
212,Elberta Hargerie,5,C,889 Artisan Trail,7428084946
213,Ambur O'Garmen,5,C,97 Sauthoff Lane,4055453153
214,Dody McCloid,5,A,23 Nelson Way,2276393138
215,Merwin Cobbled,5,C,91495 Browning Point,6078275278
216,Daphene Perllman,5,D,55401 Hanover Junction,7207084642
217,Arlinda Barnicott,5,D,928 Burning Wood Point,7374390296
218,Nola Cello,5,D,675 Helena Pass,3261483829
219,Raffarty Tutton,5,A,6 Brown Court,9906831124
220,Brocky Paridge,5,D,990 Kennedy Avenue,3219549634
221,Roarke Yurenev,5,D,9 Warner Court,7424384686
222,Maia Chappel,5,C,46 Pankratz Street,6104675283
223,Davida Dripps,5,B,62553 Canary Junction,1035353518
224,Penelope Wegman,5,B,97 Corben Junction,3914141706
225,Ignaz Eddoes,5,D,9 Dovetail Drive,2126104629
226,Meris Scrogges,5,D,8333 Gateway Alley,7843679447
227,Thornton O'Currine,5,D,18251 Northview Parkway,2267527814
228,Jaquenette Pettet,5,C,3 Oneill Point,3226421980
229,Pammi Whorlton,5,D,78472 Westend Point,3148418828
230,Mylo Dominico,5,D,9632 Sheridan Trail,8379745203
231,Clemens Hayne,5,B,82 Jay Park,7398005779
232,Brand Officer,5,C,2824 Mayer Parkway,1317790155
233,Allyn Catterall,5,A,106 Sutherland Parkway,5135889274
234,Bonita Bouttell,5,A,57259 Warrior Point,1106947469
235,Guilbert Emsley,5,A,60934 Village Green Alley,8761515904
236,Efren Vynehall,5,D,35097 Basil Terrace,9384462973
237,Ronny Fawssett,5,D,9 Lakewood Gardens Center,5801161170
238,Sheelagh Marriot,5,C,106 Division Hill,1729838736
239,Lucias Ancell,5,A,5 Lotheville Drive,5291099801
240,Willyt Ashburner,5,D,62086 Thierer Court,7974821966
241,Royall Jackett,5,A,959 Waubesa Plaza,5524485974
242,Dotti Possek,5,C,9490 Hayes Trail,4831022928
243,Wit Stoffers,5,C,6767 Pond Trail,5445247953
244,Hallsy Vasilkov,5,C,255 Rutledge Junction,9427427153
245,Arron Daborne,5,D,7771 Village Avenue,3909570318
246,Boyd Ducket,5,D,51939 Charing Cross Court,8057183341
247,Melinde Llewellyn,5,C,9 Amoth Pass,8988043526
248,Janela Woodruffe,5,D,675 Parkside Trail,9213589676
249,Nico Cellier,5,D,6626 Meadow Ridge Alley,6066754180
250,Michael Walas,5,B,764 Messerschmidt Circle,4404947367
251,Mariejeanne Akess,5,A,0774 Autumn Leaf Street,8986925044
252,Carola Storton,5,A,211 Clemons Circle,5303245156
253,Jeannie Meriet,5,C,7 Emmet Pass,6814857798
254,Rochester Morton,5,D,47229 Canary Crossing,2847667817
255,Jacquelynn Crozier,5,C,3 Di Loreto Trail,5522430360
256,Ricky Acres,5,C,3 Monument Hill,7196082648
257,Laurena Cracie,5,D,591 Thierer Alley,7424839576
258,Noble Dregan,5,D,331 Nevada Plaza,9947948689
259,Wally Aasaf,5,B,1626 Susan Street,5936089210
260,Dinah Tabord,5,D,0 Laurel Alley,3323069587
261,Jeremias Iban,5,A,683 School Road,7471811392
262,Kyle Rowney,5,D,7930 Barnett Lane,5063829935
263,Jacqueline Robberecht,5,A,32960 Lerdahl Court,3671867206
264,Myrwyn Durtnal,5,D,0 Main Circle,3962435766
265,Anatollo L'oiseau,5,B,43254 Jenna Place,7241978269
266,Channa Mizzen,5,D,9243 Doe Crossing Alley,7819516561
267,Lucilia Matisoff,5,A,701 Monterey Road,3571112475
268,Daryle Blower,5,D,01 Superior Parkway,2147303934
269,Arline Schoolfield,5,C,62 Golf Course Circle,4051383924
270,Doria Giffin,5,D,45 Esch Way,5208492734
271,Roz McPhater,5,D,5 East Alley,4392108125
272,Theodora Volker,5,D,52 Carioca Place,6515529864
273,Mathilda Lampitt,5,D,2 Kinsman Terrace,8013162489
274,Willa Patshull,5,D,69 Ridgeview Court,4804116864
275,Yasmin Dunsire,5,D,44 Arapahoe Court,1635348410
276,Orelle Farrah,5,D,82859 Nevada Pass,8023170316
277,Berty Hulmes,5,D,534 Londonderry Place,4369662243
278,Evered Marquess,5,C,7 Lerdahl Park,1857757483
279,Johnna Reide,5,D,9 Dayton Court,9868761990
280,Lyndsie Attlee,5,C,32 Scofield Drive,3034168929
281,Gideon Cherrie,5,C,04 Westridge Drive,3621588059
282,Alix Gobel,5,D,8228 Golf Pass,2179592047
283,Leigh Quartermaine,5,C,93804 Blue Bill Park Circle,8413407434
284,Cesya Bruin,5,D,13 Vidon Plaza,5839489753
285,Gusella Metzel,5,C,766 Service Plaza,9651283048
286,Cristian Geldeford,5,C,9 Upham Park,8302846137
287,Regen Toone,5,D,11875 Forest Run Parkway,1067242386
288,Aggi Pidgeley,5,B,7385 Sommers Terrace,8857184659
289,Malena Trahair,5,C,98339 Ilene Trail,2394391293
290,Seward Deinhardt,5,C,281 Darwin Way,7731765221
291,Page Summers,5,D,8 Nova Lane,6345881105
292,Harvey Pennycord,5,D,60 Arizona Way,5213508355
293,Cathy Gier,5,D,46140 Green Ridge Road,6479881885
294,Tomlin Kirwan,5,D,06837 Porter Circle,3053977856
295,Prentice Pealing,5,D,686 Independence Plaza,8292368022
296,Lorena Andreucci,5,D,2 Logan Street,4407479065
297,Katherina Koppelmann,5,B,05919 Arizona Parkway,7304386919
298,Huntlee Meffin,5,D,32 Helena Road,1254780124
299,Wilt Plumm,5,C,10881 Northwestern Terrace,3486570297
300,Consuelo Cofax,5,C,150 Crownhardt Junction,8109346129
301,Yolanthe Gatrell,5,C,9032 Rigney Junction,5588094186
302,Erma Clegg,5,D,106 Westport Plaza,9553965560
303,Hedi Melarkey,5,D,47 Northfield Avenue,5728334313
304,Hillel Tallquist,5,B,481 Algoma Street,9252964008
305,Shirlee Gomersal,5,A,009 Bluestem Park,3295072955
306,Pippo Signori,5,D,8 Warner Place,1276803275
307,Calida Roycraft,5,D,445 Ludington Hill,4592349858
308,Phaidra Slate,5,D,64978 Bobwhite Circle,9301229125
309,Findley Fulks,5,A,6 Crescent Oaks Drive,8326985442
310,Marsha Brownhall,5,D,00 Dahle Place,9566080554
311,Kristoforo Cabrera,5,C,07 Daystar Street,2331279645
312,Eziechiele Paulet,5,D,46649 Monica Terrace,7185073263
313,Clevey Buxcey,5,A,23 Trailsway Trail,2669497342
314,Cross Bollis,5,D,4 Loomis Terrace,1971396971
315,Phedra Bedborough,5,C,22 Moose Plaza,3035064424
316,Laurette Millan,5,D,3 Lighthouse Bay Drive,6456587802
317,Clevie Baradel,5,C,595 Mcguire Hill,2271405186
318,Adelaide Edeson,5,D,71164 Buell Lane,7388544168
319,Dulcea Bingle,5,B,92 Hoard Parkway,3627776236
320,Allen Alman,5,B,4573 Merry Junction,5474667848
321,Melessa Huffer,5,A,3440 Vernon Terrace,2646644255
322,Janela Shepherdson,5,C,8843 Buell Street,2492378464
323,Jarid Crimp,5,B,55490 Lakeland Terrace,2392821897
324,Marje Dacca,5,C,4741 Hollow Ridge Plaza,9718423853
325,Robyn Bedin,5,B,09738 Debra Circle,1405631959
326,Emalia Zammitt,5,D,32 Upham Hill,7493192195
327,Waldemar Butterwick,5,D,479 Tony Hill,7092129721
328,Cecil Derrell,5,D,9 Westend Road,9195917964
329,Jaynell Secombe,5,C,2 Saint Paul Alley,1761588069
330,Maggee McDell,5,C,1 Hanson Parkway,8804804822
331,Renado Sweetzer,5,C,768 Crest Line Pass,4549539739
332,Hadrian McJerrow,5,C,08 Aberg Lane,2125359130
333,Gertrud Gorgler,5,D,22204 Eastwood Place,2916915700
334,Dame Greave,5,A,1 American Circle,5598861324
335,Lind Runnacles,5,D,088 Lillian Point,5999153456
336,Cathe Karpe,5,A,4378 Del Sol Point,8519278793
337,Nevile Jirieck,5,B,19180 Moland Alley,7407196579
338,Sondra Antonik,5,A,75222 Longview Center,8622755710
339,Ilene Zammitt,5,B,0261 Toban Lane,1207263268
340,Bernadine Common,5,D,015 Warrior Trail,6899771170
341,Gardner Crawley,5,C,61 Eliot Way,6329326958
342,Skyler Viscovi,5,D,23 Twin Pines Alley,4324040312
343,Charita Baldung,5,D,2 Welch Terrace,1121918701
344,Rowney Peggs,5,B,69475 Redwing Drive,7253749337
345,Stearn Letford,5,B,9843 2nd Street,6705575710
346,Torrin Hagley,5,C,63602 1st Terrace,3094066386
347,Wood Garred,5,D,0801 American Place,3446683256
348,Brod McKain,5,D,3256 Valley Edge Alley,2876659192
349,Janeczka Olorenshaw,5,D,76 Kinsman Trail,9561310639
350,Georgette Crockett,5,D,4690 Green Ridge Pass,6058858954
351,Tim Garshore,5,D,85 Westport Alley,2947470581
352,Faythe Trenchard,5,D,2308 Ilene Drive,1529444349
353,Chryste Mitchelhill,5,D,0113 Forest Run Court,4477693991
354,Pearce Merriday,5,D,643 Prairie Rose Center,6065247363
355,Marcile Skade,5,C,82209 Sommers Junction,8251038294
356,Sergio Gosson,5,C,4 Walton Drive,1708866260
357,Esta Mulmuray,5,B,3118 Gina Road,5711880449
358,Missy Tinton,5,A,1 Troy Circle,9561506204
359,Inglebert Cradduck,5,C,2980 Debra Circle,7818849171
360,Lexy Murrell,5,D,3 Anthes Place,7894303977
361,Hedwiga Gurnell,5,A,4767 Luster Pass,2492236276
362,Killian Guirau,5,C,51985 Daystar Circle,5429158193
363,Vasily Semarke,5,D,0 Fairfield Trail,1152536946
364,Joye Ham,5,C,0551 Jenifer Junction,6816550431
365,Audrie Callaway,5,C,398 Eagle Crest Plaza,1324732488
366,Marian Norgan,5,C,90 Morningstar Trail,4939583439
367,Luce Meijer,5,D,63714 Mockingbird Hill,9636635398
368,Isiahi Suggitt,5,D,500 Susan Junction,6805936863
369,Winnie Ruberti,5,C,0 Laurel Crossing,6336295433
370,Thor Gebb,5,D,445 Pierstorff Road,9576494543
371,Riordan Cookes,5,B,0 Commercial Place,4125891342
372,Suellen Lyddyard,5,D,99 Loeprich Place,3883191969
373,Emelina Baigrie,5,C,28 Westend Way,4642201577
374,Ronda Abelovitz,5,B,7 Eagan Way,8999247784
375,Cleavland Gogay,5,C,76900 Bluejay Court,3927936544
376,Corabel Salla,5,D,9030 Lakewood Gardens Plaza,6827257128
377,Rab Filippone,5,D,6 Vernon Center,2636501050
378,Britteny Luckett,5,D,01166 Bayside Junction,3089477557
379,Agretha Tait,5,C,72 Thompson Road,9401640810
380,Willey Dunstone,5,D,4 Novick Plaza,7445162610
381,Sigmund Fiske,5,C,284 Main Avenue,5369431822
382,Leonhard Vevers,5,D,2 Del Sol Road,4362122815
383,Gilbertina Tungay,5,C,852 Nevada Drive,2976004364
384,Kermy Smithers,5,D,75 Glendale Road,6366796312
385,Lianna Life,5,A,8675 Sloan Street,4949876172
386,Man Ellesworthe,5,C,7 Rockefeller Alley,4412515456
387,Donaugh Cossar,5,C,84 Center Center,4114722761
388,Hestia Shoebotham,5,C,32 Manufacturers Road,5234763126
389,Hestia McKinnell,5,C,08057 Butternut Way,4799136746
390,Cordy Durrant,5,C,82 Fallview Parkway,9622061562
391,Rhona Freschini,5,D,5 Welch Circle,1188006518
392,Janith Mowson,5,D,89904 Del Sol Lane,4021525358
393,Jessee Dunsmuir,5,A,02178 Merchant Lane,5377925688
394,Jessy Pigot,5,D,351 Kim Point,8302942921
395,Alvie Kennelly,5,D,78 Havey Circle,7413407020
396,Nehemiah Szimoni,5,A,19 Meadow Valley Alley,6419083351
397,Coletta Fooks,5,A,1 Surrey Pass,2329851126
398,Marja Belsham,5,C,371 Vahlen Pass,2626024588
399,Lancelot Anglish,5,D,77870 Division Pass,5346715319
400,Cecilio Giraudy,5,D,00 Center Point,4765194637
401,Maxy Pocknell,5,D,87 Briar Crest Junction,9807097217
402,Claudette Lockey,5,C,23 Jackson Pass,4864203722
403,Kandy Skough,5,D,24 Fair Oaks Junction,1202287809
404,Devina Pickering,5,D,1999 Lukken Trail,4788334391
405,Kerry Sexten,5,D,524 Stone Corner Plaza,1023261374
406,Shelton Lanceter,5,D,6 Loeprich Avenue,2687082946
407,Daniel Menichino,5,C,602 Toban Center,7013294849
408,Octavius Bucklan,5,D,3 Londonderry Lane,1325770940
409,Marta Penright,5,C,8879 Scott Court,9573852615
410,Dulsea Battaille,5,D,92683 Blue Bill Park Park,2589557068
411,Anatola Aulds,5,C,58 Linden Road,4456592864
412,Rufus McArte,5,A,4 Eagan Hill,6535413590
413,Ike Lippitt,5,C,9 Schurz Circle,7049422969
414,Marve Muckeen,5,C,86 Twin Pines Street,3442658027
415,Lydon Lambin,5,D,0 Pine View Center,7518184267
416,Sibilla Jacox,5,C,28 Birchwood Street,2153922338
417,Truda Wortt,5,D,29150 Mariners Cove Terrace,5371772205
418,Avrom Heartfield,5,D,4 Chinook Circle,9109239208
419,Lyndy Splevings,5,C,7 Amoth Lane,2834412705
420,Clemmy Dolden,5,D,761 Hanson Parkway,7026276637
421,Aura Jozefowicz,5,A,02531 Packers Avenue,4681875213
422,Prince Johl,5,A,3 Fremont Trail,4866158857
423,Leela Leftly,5,C,0466 Del Mar Park,3485873978
424,Davine Ockleshaw,5,D,218 Victoria Way,5078288245
425,Dorian Pawlik,5,C,1678 Johnson Center,5874819937
426,Elias Scorton,5,D,8 David Road,8716840046
427,Luci Jedrzejczyk,5,D,43 Gina Plaza,7498496980
428,Hannah Stokell,5,D,561 Forest Dale Drive,3782136878
429,Jacenta Jersh,5,D,3 American Ash Avenue,8134989056
430,Agace Plackstone,5,D,48 Brickson Park Drive,6855772047
431,Lynea Kivell,5,A,5388 Cardinal Trail,6153255992
432,Damita Whiston,5,D,679 Spaight Drive,8883131427
433,Cecilla Jephson,5,A,4 Ridgeway Hill,6635432214
434,Austin Dandison,5,D,8704 Cambridge Park,4862179204
435,Ede Millsom,5,C,25 Hollow Ridge Park,8058849531
436,Andonis Curtayne,5,C,60556 Loeprich Circle,8419335993
437,Kayle Di Francecshi,5,A,617 Shoshone Hill,6674290082
438,Giulio Clemmen,5,C,3 Service Hill,3277838884
439,Putnem Canepe,5,D,5 Boyd Junction,2539966242
440,Maryrose Fischer,5,B,247 Miller Trail,1143881545
441,Clio Axston,5,C,9190 Pearson Lane,5062646593
442,Verna Parfitt,5,D,2 Myrtle Terrace,4994890854
443,Benson Tommei,5,C,4 Sunnyside Road,7726843029
444,Marget Andrioli,5,D,547 Manitowish Place,2475650189
445,Jerrylee Schwieso,5,D,0710 Hudson Junction,5442876439
446,Farleigh Vasyatkin,5,C,82709 Aberg Lane,2797182884
447,Korney Medwell,5,D,9831 Kipling Place,5729109278
448,Raviv Pavolillo,5,D,9473 Fallview Drive,9868239858
449,Lucila Hukins,5,D,24 Dawn Park,1179589804
450,Pamelina Musgrave,5,C,69651 Rusk Road,8429815898
451,Trudi Tadlow,5,D,396 Butterfield Center,9444445480
452,Karoly Hailston,5,D,306 Merchant Lane,1042382175
453,Tobye Baylis,5,C,04 Hansons Place,8521656036
454,Idell Draco,5,D,17335 Manufacturers Center,6114077919
455,Cornelia Armstrong,5,D,559 Texas Terrace,6432974131
456,Glenden Ferraraccio,5,D,9023 Thackeray Trail,4306223258
457,Gertie Van Dalen,5,D,8 Dayton Center,6806538229
458,Thorsten Brooksbie,5,D,36194 Basil Crossing,6644467343
459,Ollie Landreth,5,A,24300 Monterey Circle,3176036244
460,Levon MacDermott,5,D,55866 American Ash Lane,3668066126
461,Andrei Izhaky,5,B,3318 Nobel Center,8476137236
462,Annora Mattea,5,A,104 Bayside Plaza,2252083278
463,Nara Lea,5,D,292 Debra Road,8038789444
464,Lawry Jeremiah,5,C,256 Heffernan Center,2437629163
465,Reg Wasling,5,D,01868 Lakeland Street,5646479700
466,Jeramie Morehall,5,A,4904 Daystar Parkway,1047612210
467,Tate Pooke,5,D,42035 Myrtle Trail,3957967482
468,Hector Rizzini,5,B,39 Del Sol Drive,9702957572
469,Stavros Langhor,5,D,9 Transport Junction,4378676818
470,Dido Dows,5,D,54 High Crossing Point,8785507249
471,Liam Spat,5,B,8902 Randy Crossing,9724588590
472,Osmund Rochford,5,C,8266 Twin Pines Plaza,2133244576
473,Penni McCullogh,5,D,841 Duke Alley,4191896652
474,Krisha Huitt,5,D,046 Lotheville Pass,6306144098
475,Tresa Vivians,5,D,21121 Service Alley,3199277711
476,Mychal Aim,5,D,8119 Muir Road,8995024610
477,Cybil Costelow,5,D,64813 Morningstar Trail,7539121879
478,Cristiano Wathell,5,D,47 Debs Road,7969452277
479,Sherm Scholefield,5,A,860 Valley Edge Avenue,4707827370
480,Carling Chilles,5,D,6246 Blue Bill Park Plaza,3793213648
481,Willi Northern,5,D,4477 Ronald Regan Park,7846183165
482,Giffard Garret,5,A,588 Hagan Street,1506844272
483,Zea Simonnot,5,D,65014 Tomscot Alley,7518950512
484,Flin Machans,5,A,3442 Hoard Parkway,7584364270
485,Penny Madsen,5,D,592 Gateway Avenue,2587853637
486,Gabriella Pierrepont,5,D,30 Dawn Point,9932333792
487,Wally Lauks,5,B,28 Moulton Pass,4803974885
488,Blaine Killich,5,A,44249 Beilfuss Plaza,3619256048
489,Lynne Segar,5,B,778 Monica Lane,3725373551
490,Sauveur Bestall,5,D,46910 Fairfield Way,2163958771
491,Delcina Rittmeyer,5,D,24 Monument Center,5658049655
492,Angie Goldfinch,5,D,269 Fairview Pass,8816971849
493,Sheela Kenningham,5,D,00544 Westend Center,2976090628
494,Diane Noury,5,C,067 Crowley Center,8227372129
495,Georgette Quayle,5,C,2406 David Road,4949492925
496,Fanni Aymer,5,D,990 Northview Hill,4987210006
497,Jacky Dikelin,5,D,700 Lakewood Gardens Crossing,6812564543
498,Zedekiah Lghan,5,D,5044 Delladonna Drive,9596536060
499,Kelli Jendricke,5,C,5 Lotheville Lane,1241598120
500,Sibbie Diviny,5,D,2 Onsgard Circle,7597491890
501,Shirl Rooze,5,C,183 Bultman Place,3662830316
502,Maryanna Bennington,5,D,199 Becker Plaza,2668097862
503,Allis MacArd,5,A,713 Lyons Street,5343796655
504,Rutherford Lascell,5,C,01460 Fuller Alley,7044979656
505,Theresa Van Arsdalen,5,D,1 Kenwood Place,5942943176
506,Artair Pagin,5,D,45 Ridgeview Road,2362601113
507,Minny Dan,5,D,5635 Summer Ridge Hill,8047698006
508,Claybourne Bullion,5,A,9 Prairie Rose Crossing,5561822125
509,Brittney Hallstone,5,C,98353 Pepper Wood Alley,4071233736
510,Marcelline Cowen,5,C,5 Oak Valley Alley,4212147874
511,Zed Willoughley,5,B,33 Southridge Way,7963763639
512,Annamarie Bywater,5,D,51 Washington Circle,7128426810
513,Mireille Usmar,5,B,8059 Browning Pass,7932881461
514,Lianna Greenough,5,D,082 Hansons Crossing,9461352729
515,Nisse McLese,5,B,978 Leroy Pass,7208372163
516,Annice Jozefczak,5,D,45 Debra Center,5576339718
517,Karrah Tapson,5,A,0622 Truax Park,2181795181
518,Renae Rewcassell,5,D,64085 Sunfield Avenue,2608922183
519,Elane Kleinsinger,5,D,6 Northport Center,8787485873
520,Alvy Hugli,5,C,86599 Coleman Crossing,5366270324
521,Elita Gadaud,5,D,2 Nobel Point,6519287541
522,Onida Cobbin,5,D,28308 Straubel Pass,3736602286
523,Billi Smeuin,5,A,317 Brickson Park Drive,8421829715
524,Tull Perri,5,C,34 Lakeland Parkway,6523570868
525,Wilmar Lardier,5,D,2 Derek Trail,4209670701
526,Berke Davio,5,A,3 Kipling Alley,7926748329
527,Dallas Landes,5,D,46091 Mallory Junction,7185504714
528,Valencia Frodsham,5,B,3419 Maryland Place,3146598278
529,Chancey Ferrai,5,B,8844 Roxbury Crossing,6375625307
530,Adella McConnell,5,A,1 Browning Place,8722008597
531,Vonni Meadowcraft,5,C,83349 Novick Street,1376158114
532,Gianni Micklem,5,C,8852 Commercial Plaza,3023640115
533,Hy Aldhous,5,D,617 Graceland Avenue,9387177746
534,Janenna Over,5,D,6 Forest Dale Road,7493433450
535,Johnath Sanpher,5,C,34 Glacier Hill Way,8971292705
536,Devin Skyner,5,B,68079 Merrick Hill,8032076270
537,Janella McMurraya,5,D,7139 Holmberg Street,2114197317
538,Goddart Stede,5,C,32 Randy Street,8887927985
539,Benny Glasheen,5,A,28 Quincy Terrace,9023471646
540,Ware Epps,5,D,759 2nd Junction,1678228212
541,Fredi Nunnerley,5,B,27 Chinook Alley,9751863909
542,Bink Nansom,5,A,7325 Hazelcrest Point,1227248976
543,Codee Kwietak,5,D,7 Valley Edge Avenue,8257466892
544,Gabey Golley,5,A,35458 Bartelt Junction,9734826657
545,Saw Seagrove,5,C,837 Victoria Trail,5066947386
546,Alvinia Palfreeman,5,D,5576 Homewood Junction,9068646759
547,Rosabelle Crowson,5,C,8 Graceland Pass,2955414334
548,Rowena Murrison,5,C,17746 Ruskin Avenue,3802687129
549,Lind Colbron,5,D,4 Morningstar Center,3624647085
550,Minny Madrell,5,B,682 Prairieview Park,6319412866
551,Gilburt Bail,5,C,59374 Waxwing Point,2612158061
552,Von Barnwall,5,D,179 Sundown Circle,6421487823
553,Ban Withers,5,D,04 Kropf Plaza,5834958712
554,Ranee Sambath,5,D,6461 Cottonwood Point,6511066487
555,Wandis Swiffin,5,C,7 Randy Street,1554794027
556,Agneta Giannoni,5,C,029 Lunder Pass,9453286173
557,Wash Loding,5,C,9756 Gina Terrace,4911676022
558,Frances Rawlin,5,B,687 Claremont Park,2874132853
559,Annabel Letrange,5,D,0 Hintze Park,9841875373
560,Edy Tangye,5,D,244 Southridge Parkway,4408579683
561,Martica Tinwell,5,C,1 East Street,5555660457
562,Krissy Dobrovsky,5,D,64 Fallview Lane,2925806259
563,Piper Corrington,5,A,46 Fairfield Alley,6313560480
564,Orlando Izzat,5,D,27858 Tennyson Crossing,6709258809
565,Nevile Hirth,5,D,40 Acker Trail,5298819407
566,Marni Esberger,5,D,9 Brentwood Junction,6435749833
567,Lynda Agge,5,D,93 Hoffman Avenue,9797249749
568,Vanni Walding,5,A,344 Hanson Hill,1471428158
569,Marie-jeanne Toffolini,5,D,7 Fisk Street,8103770388
570,Horatia Letterick,5,D,325 North Way,2156518810
571,Johnnie Thomtson,5,D,29 Grasskamp Crossing,5754887569
572,Allie Romero,5,C,55321 Esker Parkway,8932654966
573,Rickey Ferris,5,B,96988 North Avenue,3861310224
574,Leora Heal,5,C,1 Kedzie Park,6947149911
575,Helenelizabeth Kiera,5,C,39106 Buell Pass,5336075662
576,Bradley Winney,5,D,4 Reindahl Drive,8608235196
577,Derril MacLardie,5,C,65 Arizona Place,8172982869
578,Jaquith Camolli,5,C,70 Grasskamp Point,5001621949
579,Jobey Mathwen,5,D,940 Anhalt Court,4936383151
580,Monro McGooch,5,D,5253 Jenna Trail,9999724582
581,Prent Frickey,5,C,8 Anniversary Park,5601795825
582,Tito Shiels,5,C,74 Maple Wood Junction,8796424443
583,Micaela Scriviner,5,C,354 Jackson Trail,4241756048
584,Verina McGonigle,5,D,593 American Ash Trail,5194557662
585,Pooh Wakeford,5,C,9 Sullivan Crossing,1666687766
586,Bennie Savoury,5,D,49 Menomonie Point,4386895849
587,Farlee Tethacot,5,B,2 Division Crossing,4325842893
588,Franklin Doy,5,D,69533 Schiller Parkway,3032894653
589,Skipper Velten,5,D,432 Heffernan Point,6836346435
590,Loise Scaddon,5,A,83 Swallow Way,5323315267
591,Florentia Alcott,5,C,25526 Graceland Center,1416237152
592,Helene Wyburn,5,B,393 Old Gate Plaza,4903871545
593,Glennie Blaby,5,B,53509 Morning Crossing,6175531940
594,Valdemar Braim,5,D,82 Vahlen Court,5167519551
595,Moira Dahlberg,5,D,570 Florence Court,4915029826
596,Clifford Porrett,5,D,10 Meadow Ridge Trail,6041714401
597,Nikaniki Haggith,5,D,51 Westend Road,7829521991
598,Griffy Lappin,5,D,2708 Bellgrove Road,9947669915
599,Aubrey Orae,5,C,041 Transport Parkway,8335218482
600,Tiffany Cancellario,5,D,36 Duke Circle,4938852188
601,Kevan Pedri,5,B,75 Fairview Center,2985739574
602,Elsy Feldon,5,D,569 Killdeer Park,6496230456
603,Fulvia Germon,5,B,7294 Village Green Parkway,6834544582
604,Fran Serck,5,D,9 Onsgard Circle,6337158253
605,Laney Sowman,5,D,47210 Lotheville Place,4947022459
606,Ibrahim Duncklee,5,D,0 Redwing Center,6401705585
607,Britt Sporrij,5,C,27653 Debs Junction,2735695482
608,Bobbie Vigar,5,D,0 Fuller Crossing,3678782690
609,Rivkah Matiebe,5,B,35722 Lunder Plaza,9435949096
610,Raffaello Boddie,5,D,09764 Southridge Pass,2453330295
611,Delcina Cardillo,5,D,161 Carioca Plaza,7432537994
612,Roze Nesbit,5,D,835 Scofield Hill,4192200785
613,Muriel Tinsley,5,D,67 Memorial Pass,3267377170
614,Deena Mattityahou,5,C,219 Hudson Point,9488016749
615,Minny Mattiacci,5,D,59 Raven Point,7219980660
616,Lowe Rival,5,B,32 Prairieview Court,6001278187
617,Katya Tinklin,5,D,18437 Brown Alley,5218728008
618,Penny Greenset,5,C,90 Fairview Center,6399251724
619,Meade Codrington,5,B,217 Memorial Way,1106696608
620,Chloette Allberry,5,A,9024 Kedzie Court,4119035999
621,Fiann Trenouth,5,D,18050 Maple Wood Street,4243911734
622,Poppy Dorie,5,D,6 Jenifer Point,8382764227
623,Edward Scampion,5,D,40860 Nova Court,5617594911
624,Bard Tuffs,5,B,76 Spaight Court,2042675315
625,Dennie Ramiro,5,C,03085 Huxley Trail,3885707660
626,Care Huniwall,5,A,6 Crescent Oaks Trail,1972397799
627,Claresta Tranmer,5,C,35 Kenwood Trail,5122694682
628,Eleanore Dadge,5,C,255 Stoughton Drive,3565904973
629,Dody Cockerell,5,D,629 Kropf Plaza,7166179531
630,Lezlie Hughes,5,D,16272 Reindahl Park,5049200644
631,Desdemona Raye,5,A,988 Roth Circle,2152796504
632,Gipsy Wykey,5,A,31422 Superior Terrace,9301077239
633,Terry Wyard,5,D,1 Dawn Way,2908620343
634,Terrill Barwack,5,D,5097 Nova Terrace,3955189642
635,Tildie Sparshott,5,D,46 Macpherson Drive,9971403419
636,Fernande Bew,5,D,7 Superior Lane,3099401946
637,Hurleigh McMichan,5,D,0729 Talmadge Drive,6802411755
638,Karina Lattimore,5,B,39 Tomscot Parkway,5432229801
639,Ogdon Fache,5,D,9417 Merry Plaza,6112733257
640,Rolland Wrintmore,5,D,8 Stang Lane,8545975242
641,Paxton Elsworth,5,D,52 Susan Point,7106311957
642,Harlene Wardell,5,D,9581 Nevada Terrace,8267900561
643,Zachariah Callcott,5,D,12498 Golf View Circle,1914383065
644,Lewie Ravens,5,B,6528 Service Alley,1506062968
645,Garret Joynt,5,B,3194 Mallard Drive,3537944350
646,Shelby Ellesworth,5,D,8035 Golden Leaf Drive,9272927220
647,Cassie Gimbart,5,B,3 Valley Edge Way,1537767736
648,Martie Rippingale,5,B,8949 East Terrace,9799372561
649,Bron Jorgensen,5,A,3 Katie Pass,4031611423
650,Ben Caustic,5,D,11 Memorial Lane,1527065007
651,Teirtza Dukes,5,D,0579 4th Lane,9523122033
652,Zahara Buckby,5,D,48 Bultman Place,3862254117
653,Valera Langmead,5,C,9836 Morrow Place,5709807913
654,Kyla McCarlie,5,D,1 Birchwood Hill,9606127200
655,Shae Gabbitis,5,B,78 Katie Circle,4056293445
656,Marisa Arckoll,5,A,35 Warbler Pass,3212729293
657,Hesther Dedon,5,B,3829 Golf Course Place,7701708840
658,Leesa Bracknell,5,C,561 Kings Road,7835395475
659,Beverley Klimp,5,D,524 Helena Center,5669908668
660,Anallese Crowden,5,C,58 Mandrake Circle,1791935721
661,Zacharias Bragg,5,B,8 Bunting Park,5176511062
662,Andras Pashan,5,C,2 Mosinee Park,4352405590
663,Killian Liversidge,5,D,0235 Myrtle Point,7572790410
664,Sonni Siddens,5,D,1067 Surrey Pass,6998864967
665,Vinni Garlee,5,A,3 Barnett Avenue,3702722552
666,Phedra Handasyde,5,D,4 Dexter Parkway,5463855530
667,Justina Cootes,5,C,990 Mesta Avenue,8255853277
668,Charil Roffey,5,D,39 Forster Lane,7651855998
669,Thornton Surplice,5,B,5 Cody Trail,8238786902
670,Lucretia Speer,5,B,54 Vahlen Hill,2787932886
671,Fabe Redbourn,5,C,9 Warrior Drive,2601193241
672,Adriano Banisch,5,A,44286 Clarendon Hill,5225333027
673,Helga Yeardley,5,C,7 Heffernan Court,5957515041
674,Eryn Chimenti,5,B,976 Meadow Vale Pass,8084429466
675,Ester Monteaux,5,C,9 Northfield Pass,1958689110
676,Kliment Noddles,5,C,802 Caliangt Drive,9987580007
677,Hilario Wellbank,5,A,19 Waubesa Center,4706149769
678,Aguste Jone,5,A,3665 Swallow Junction,9262579405
679,Harmonia Kits,5,C,68 Novick Way,5491388519
680,Elia de la Valette Parisot,5,D,4780 Dawn Plaza,6947532116
681,Andra Valett,5,C,28 Nelson Pass,8246577537
682,Rikki Maylour,5,A,2511 Graceland Alley,6465245036
683,Liane Deinhardt,5,D,3785 Spenser Way,2282759031
684,Bink Langstone,5,D,49271 Express Crossing,8648532131
685,Constantino Forrester,5,C,090 Buena Vista Court,4445198181
686,Jackson Franklyn,5,D,2 Knutson Drive,3799392386
687,Stanfield Cockson,5,C,7 Transport Avenue,3021944316
688,Garrott Garstang,5,D,8 Prairieview Way,1795690273
689,Meade Ewence,5,A,19244 Prairie Rose Road,4708446635
690,Fidela Pietesch,5,D,7 Center Drive,5637073691
691,Josi Hamper,5,D,0 Lerdahl Avenue,7847821957
692,Laverna Mowatt,5,C,7 Carey Street,4032643180
693,Bunni Kornel,5,D,9 Acker Way,1766333011
694,Garrek Ocheltree,5,D,520 Roth Crossing,5298487325
695,Brien McFie,5,C,96175 Sutteridge Point,7177299334
696,Catharine Fenna,5,D,96130 Kingsford Lane,2015590107
697,Glennie Ginglell,5,D,50 Welch Way,3546808592
698,Daron Stather,5,D,231 Lyons Parkway,3801165895
699,Tresa Binstead,5,D,8139 Surrey Parkway,6082598586
700,Baron Gammett,5,D,046 Red Cloud Pass,4974644716
701,Simone Odney,5,B,1 Vahlen Parkway,1797585132
702,Erie Fink,5,D,436 Dapin Hill,8398362325
703,Bridgette Flather,5,D,59 Twin Pines Lane,4036484675
704,Candide Mcimmie,5,D,5 Packers Hill,1488126039
705,Consolata Cawthery,5,C,80966 Fallview Circle,1658134988
706,Ree Colbert,5,C,5988 Reinke Point,6912566729
707,Rubi Sammon,5,D,59 Eggendart Point,5407371734
708,Adriena Hasley,5,D,38 Sullivan Terrace,6413967518
709,Galvan Lindl,5,D,59818 Hanover Crossing,2946475623
710,Chic Lippini,5,B,4 Blaine Drive,8239944480
711,Beitris Shilleto,5,D,36 Farmco Alley,7575383935
712,Tonya Stainson,5,C,62 Butterfield Avenue,9671206694
713,Vern Spurway,5,B,68275 Bunker Hill Place,1326914318
714,Lolly Harget,5,D,701 Steensland Trail,2075544378
715,Franny Manton,5,A,3861 Bunting Avenue,8812347001
716,Hymie Thelwll,5,A,79103 Northfield Avenue,4377962738
717,Baudoin Drayson,5,D,803 Westport Pass,2086047705
718,Kaspar Hallaways,5,D,4 Washington Lane,2158198425
719,Lauraine Christal,5,D,469 Merchant Center,5712589899
720,Gerti Dennehy,5,D,9 Barnett Circle,8589193999
721,Warren Yeoland,5,C,3753 Lunder Junction,9005362439
722,Kermie Baber,5,D,784 Cardinal Circle,1028354062
723,Elli Edworthye,5,C,8083 Kingsford Plaza,8084410584
724,Ciel Ebbings,5,C,0931 Truax Hill,8979390677
725,Wilmette Heathcoat,5,D,9132 Norway Maple Place,1025278006
726,Audre Awcoate,5,B,5931 8th Avenue,4113469510
727,Max Craney,5,A,0457 Westend Court,9275534285
728,Fanni Eynaud,5,D,41 Claremont Point,3051579747
729,Rube Henstridge,5,D,29 Mitchell Park,2416566702
730,Ronalda Frunks,5,C,03 Crest Line Circle,5351280078
731,Magdalena Gertz,5,B,8 Dwight Terrace,7374877768
732,Bertrand Grouvel,5,C,20444 Russell Alley,1416896605
733,Nelson Parrot,5,D,4 Namekagon Place,4328220165
734,Shelden Chorlton,5,D,2 Bluejay Trail,4009382170
735,Alethea Aslet,5,D,0877 Dahle Road,7321285992
736,Ned Yablsley,5,A,25 Warbler Trail,7785564268
737,Blancha Brickell,5,D,5262 Evergreen Alley,7135919799
738,Paddie Ovesen,5,D,68955 Washington Alley,3527303318
739,Wells McCague,5,D,6501 Lunder Road,4596196373
740,Abbey Lightewood,5,B,193 Texas Point,3877596118
741,Germain Webling,5,A,63 Ramsey Hill,1525390232
742,Robb Rowter,5,B,8904 Green Lane,4072515349
743,Tomkin Carefull,5,D,8480 Shoshone Pass,2218143633
744,Inger Bubbins,5,C,209 Morrow Terrace,8526773809
745,Myles Finnis,5,D,87917 Troy Lane,2299206137
746,Jedd Grishelyov,5,D,4815 Mifflin Park,4929181074
747,Myranda Northall,5,D,5284 Longview Road,1231818163
748,Delaney Penlington,5,D,10447 Bluejay Parkway,4449299013
749,Hanna Rockwill,5,D,9 Aberg Trail,5851421710
750,Jilli MacCartan,5,B,41273 Wayridge Terrace,5525519547
751,Guenevere Sute,5,C,2 Warrior Trail,7461402256
752,Carlita Spowart,5,A,88939 Mallard Place,2629953768
753,Melva O'Shee,5,D,057 Carioca Place,9771790288
754,Batsheva Bullen,5,D,7075 Dwight Junction,9907377774
755,Marlane Minkin,5,C,18916 Walton Drive,2842955358
756,Brittan Aimson,5,A,1427 Oneill Point,2486014972
757,Krysta Cullum,5,C,498 Debs Court,4844912693
758,Johnny Cavalier,5,D,9 Autumn Leaf Point,5231599966
759,Ozzie Blaxall,5,B,7 Kings Center,1226021269
760,Kerwin Cawthorn,5,A,47559 Forest Avenue,8261448786
761,Evelina Roggerone,5,D,8934 Lien Way,9764268999
762,Romeo Kennon,5,A,931 Gina Place,1525252063
763,Peria Pray,5,D,1 Dwight Court,4617861915
764,Starr Lawty,5,B,500 Lyons Trail,3307557030
765,Max Blackett,5,A,66624 Carey Road,3754720045
766,Clarice Harden,5,D,7603 Fairfield Crossing,7499072370
767,Henderson Spaducci,5,D,12540 Weeping Birch Drive,7849317528
768,Jojo Coopman,5,A,581 Lake View Way,7173457650
769,Saba Wildor,5,C,557 Sauthoff Way,1563694904
770,Leontine Fishleigh,5,C,974 Emmet Circle,2133409795
771,Madeline Graveney,5,C,7180 Carey Parkway,9185211167
772,Nobie Whife,5,C,10 8th Avenue,2088448949
773,Thaxter Leroux,5,C,24 Judy Parkway,2648184651
774,Stephanus Entwisle,5,C,652 Alpine Way,6141174196
775,Hew Chalder,5,D,3457 Leroy Hill,5702335815
776,Dalia Garci,5,D,00 Dwight Avenue,5007010911
777,Shaine Moodey,5,D,49 Gulseth Crossing,6392633625
778,Georgeta Kobiera,5,C,4170 Twin Pines Pass,5579692827
779,Hagan Griston,5,C,831 Meadow Vale Crossing,9879638228
780,Carver Stopforth,5,D,515 Paget Trail,2765742807
781,Jameson Scriven,5,A,6244 Vernon Lane,7137205918
782,Dita Ambroise,5,C,9374 Drewry Street,8499333181
783,Durand Philpotts,5,D,6 Garrison Terrace,6918602441
784,Brigitte McKinnell,5,D,27 Maple Wood Place,4979800951
785,Tallou Skingley,5,C,6 School Avenue,7604128302
786,Maurita Rumgay,5,D,04349 Eagle Crest Drive,4042539056
787,Wendie Tretwell,5,A,44 Manitowish Plaza,2944646523
788,Leonidas O'Cooney,5,D,15695 Dovetail Park,9701730569
789,Cristi Mander,5,D,97 Oakridge Point,9802600470
790,Sisile Barrowcliff,5,D,173 Old Gate Hill,5883458325
791,Carrissa Stapele,5,C,9 Linden Road,3999484610
792,Marlow Wilkins,5,D,89 Menomonie Alley,3814208175
793,Olly Peffer,5,C,3909 Dorton Circle,2123561539
794,Carlee Feedham,5,D,80969 Hoffman Plaza,2495727694
795,Bernice Alliberton,5,D,4 Westerfield Center,5605152346
796,Aggy Asbery,5,B,80775 Crest Line Plaza,4311185807
797,Melanie Fagg,5,D,6 La Follette Street,3414687367
798,Harland Tame,5,C,25 Wayridge Court,6513516475
799,Maitilde Fibbens,5,D,0086 Twin Pines Center,8632207183
800,Veradis Wallace,5,C,4 Brown Place,8392931430
801,Dick Pawlyn,5,D,1 Warrior Court,4891712157
802,Jacklin Gillmor,5,D,9 Raven Parkway,3053306188
803,Colin Turneaux,5,D,50875 Menomonie Avenue,6339147762
804,Adlai Shallcroff,5,A,189 Pepper Wood Alley,2594891004
805,Simone Blagden,5,D,6297 Harper Pass,3023557262
806,Johann Whitebread,5,D,80135 Miller Drive,2594656730
807,Yul Spight,5,C,92426 New Castle Crossing,6761489744
808,Alexis Di Domenico,5,C,41 Anderson Way,7281014089
809,Early McCurt,5,B,916 Golf Course Pass,6273524830
810,Barbara-anne Loddon,5,C,73 Holy Cross Plaza,4326598566
811,Kacy Seif,5,D,44 Dexter Park,4267022046
812,Kiel Bumpus,5,D,99 Jenifer Trail,2252683013
813,Seana Summerton,5,C,79722 Golf View Junction,1069867261
814,Tobey Pepye,5,A,735 Cody Terrace,2813028555
815,Anna-diane Treppas,5,D,52153 Hallows Crossing,2927282192
816,Delbert Heineken,5,C,7454 Mesta Road,6916573534
817,Harv Jendas,5,D,0 Melrose Park,6087001148
818,Elmira Duckels,5,D,9959 Straubel Place,5775882802
819,Damiano Walisiak,5,C,7 Clyde Gallagher Hill,9173101502
820,Roberto Boxill,5,D,7052 Mcguire Road,6791504324
821,Kristos Calender,5,C,6484 Claremont Avenue,3242806104
822,Ives Robbie,5,D,74 Westridge Trail,5666911592
823,Gibby Paley,5,D,04374 Hanover Point,9728980893
824,Florrie Catherine,5,D,325 Harper Park,8683881714
825,Leonelle Bramble,5,D,46016 Rockefeller Park,9719943453
826,Carin Getch,5,B,94 Carpenter Pass,8943318692
827,Candida Douch,5,C,83 Brown Park,2633529463
828,Broderick Hugin,5,A,06 International Parkway,5609124194
829,Michele Hause,5,A,041 Tennyson Hill,1013169355
830,Kristian Godbold,5,D,29 Delladonna Park,7133186178
831,Maressa Franceschielli,5,D,7335 Dapin Point,3218371254
832,Dov Yaus,5,D,6 Goodland Way,1305152212
833,Alyse Denton,5,A,37 Hermina Hill,8893858776
834,Cosmo Bon,5,D,798 Spenser Parkway,6216686155
835,Vonnie Le Moucheux,5,C,826 Hansons Junction,9454778230
836,Hale Jolliff,5,D,5939 Oak Pass,6449172578
837,Ferguson Paszek,5,D,8255 Kensington Drive,7192721495
838,Bobbe Guymer,5,D,9 Commercial Point,8804486163
839,Thomas Doust,5,D,939 Norway Maple Way,4225472525
840,Elyssa Wilding,5,D,67142 Macpherson Center,2731382102
841,Ransom Grinishin,5,D,030 Twin Pines Alley,4903841463
842,Carla Ivoshin,5,C,89 Kingsford Junction,9111494857
843,Shelly Vost,5,C,062 Di Loreto Alley,9723747227
844,Eduino Frew,5,C,99 Jackson Drive,2788469506
845,Bertie Lintott,5,D,82 Kingsford Alley,5231883638
846,Renaud Berrow,5,B,8 Center Center,1249880466
847,Margarette Ashleigh,5,C,75887 Buena Vista Street,7246652342
848,Teresina Huniwall,5,D,693 Laurel Avenue,1296371676
849,Orin Symington,5,D,21 Ryan Court,6003489158
850,Therese Windram,5,D,43607 Moulton Center,2838232472
851,Ravid Harmar,5,D,9 Mitchell Plaza,2881382817
852,Julita Mylan,5,A,89260 Hauk Avenue,7979639996
853,Rollin Neljes,5,A,34 Redwing Place,7364056083
854,Audi Josefovic,5,C,03 Colorado Street,7499358763
855,Symon Iashvili,5,D,0 Hanson Terrace,3996307882
856,Romonda Wark,5,A,3522 Mitchell Park,3235591802
857,Niall Firmager,5,D,74 Donald Place,7858872883
858,Helenelizabeth Riditch,5,D,12346 8th Junction,2169354928
859,Clem Clelland,5,D,12 Michigan Lane,3476036618
860,Mervin Aronovitz,5,D,6131 Hermina Park,8913654092
861,Sallyann Peret,5,A,92 Messerschmidt Way,3507099392
862,Elke Mattecot,5,C,5052 Arkansas Circle,3434660701
863,Brady Josephsen,5,B,90607 American Ash Parkway,2676965705
864,Bethena Heisham,5,D,2 Russell Road,2366335649
865,Melantha Shillabeare,5,A,6628 Spohn Lane,9077774235
866,Sandra Yarnell,5,D,0 Huxley Trail,7476758665
867,Bevin Stuckes,5,D,33 Spohn Court,6529594251
868,Hazel Valentin,5,A,17884 Stoughton Junction,9754147385
869,Emelina Haile,5,C,72 Magdeline Parkway,3881242178
870,Meredeth Buist,5,C,4597 Shasta Court,6036438672
871,Candida Merrall,5,B,9 Manufacturers Crossing,1039262988
872,Cherlyn Marham,5,C,9 Thackeray Lane,8653142396
873,Bendite Robinson,5,B,3 Transport Alley,8653601159
874,Allsun Muirden,5,C,680 Cambridge Plaza,2283783403
875,Maura Whitcombe,5,D,17095 Paget Trail,8501273437
876,Sileas Sampey,5,D,8105 Autumn Leaf Point,1201962599
877,Christalle De Paepe,5,B,21 Maple Wood Trail,2774208907
878,Lynsey Eberlein,5,C,23 Drewry Junction,5496614985
879,Archambault Romanetti,5,D,70 Holmberg Court,4865411904
880,Margie McRobb,5,A,2875 Cherokee Place,6581555626
881,Antonia Jansik,5,D,2 Kingsford Plaza,5988810408
882,Billye Kondratovich,5,C,84 Barby Center,6045840821
883,Tania Deniseau,5,D,71099 Holy Cross Pass,7717083966
884,Annnora Swindon,5,D,49 Manitowish Pass,4149054882
885,Finn Climance,5,D,3 Texas Trail,9564063192
886,Carma Banbrigge,5,C,02 Dixon Place,8831460490
887,Thibaud Uphill,5,C,748 Shoshone Lane,3354440004
888,Geri Ruddiforth,5,A,939 Barnett Avenue,1521977697
889,Cassandry Ammer,5,A,75 Ronald Regan Plaza,9408223154
890,Lemmy Mushawe,5,B,4302 Corben Pass,5326994240
891,Emmey Christauffour,5,A,87 Ridge Oak Trail,2773009222
892,Percy Soppitt,5,C,76 Quincy Court,8842337898
893,Leonora Antognazzi,5,C,915 Morrow Terrace,3919844108
894,Barty Polendine,5,D,08656 Brickson Park Hill,2446526653
895,Pryce Cater,5,D,6509 Anzinger Lane,3736650257
896,Burtie Heninghem,5,A,95 Talisman Trail,1429038672
897,Koo Redgate,5,C,5765 Dexter Junction,2146940022
898,Natty Grzegorecki,5,D,8846 Cherokee Crossing,6901322435
899,Melonie Whodcoat,5,B,32 Delaware Crossing,7387563306
900,Lisle Purser,5,D,2236 Sachs Lane,5969329558
901,Cthrine Ceillier,5,D,91 Oak Hill,1079437281
902,Marcy Pawlyn,5,D,808 Colorado Lane,5462546502
903,Hans Murrow,5,D,8266 Clyde Gallagher Pass,1796460775
904,Huntington Von Welden,5,D,2 Sheridan Circle,4911440641
905,Emilio Drewes,5,D,91 Sheridan Trail,6173404876
906,Astrix Fairnington,5,D,2756 Anzinger Hill,8083836075
907,Hayden Goldsbrough,5,A,0227 Mifflin Hill,2325578143
908,Carleen Seeborne,5,B,36 Ramsey Park,8058279162
909,Kiel Scotts,5,D,8411 Maywood Terrace,5291970069
910,Shamus Krebs,5,D,87883 Nova Alley,5079984244
911,Marley Bremner,5,D,9 Ryan Street,3778290027
912,Ginger Rzehor,5,D,87089 Independence Plaza,4296991929
913,Anne-corinne Serman,5,D,138 Hazelcrest Alley,5625346885
914,Auguste O'Henery,5,D,7494 Montana Way,8635653565
915,Constantine Duly,5,D,4639 Gateway Court,9043127914
916,Sarajane Jenckes,5,B,4672 Trailsway Place,2156077672
917,Roberta Minard,5,B,994 Lukken Avenue,5437493018
918,Julia Wainwright,5,D,4804 Meadow Vale Circle,5126584225
919,Babara Haselup,5,B,1232 Dapin Point,2547913832
920,Pall Gear,5,D,0039 Schurz Circle,7297134388
921,Leesa Crate,5,B,35 Norway Maple Court,2393633779
922,Ingeborg Glas,5,D,85426 Walton Point,8967462641
923,Norri Crimes,5,A,5254 West Road,8335913725
924,Tandi O' Brian,5,D,78867 Schlimgen Pass,5542715697
925,Megan Grivori,5,B,182 Bayside Circle,7448812496
926,Melodie Middleditch,5,D,7360 Clyde Gallagher Street,6441652800
927,Neill Mangenet,5,D,236 Sunbrook Court,7145169920
928,Peri Mott,5,D,74 Maywood Way,6671516241
929,Devlen Barajaz,5,D,60 Holy Cross Terrace,2111700645
930,Korney Largan,5,D,2 Stang Lane,1944892555
931,Adela Mackness,5,D,97279 Reindahl Road,3038048564
932,Paulina Lammerding,5,D,9 Eagan Avenue,4729626268
933,Mab Smoughton,5,C,3 Anhalt Crossing,6924178326
934,Harley Martinat,5,D,3902 Monica Junction,4566885290
935,Averell Ryhorovich,5,A,44 Maple Wood Drive,9744757895
936,Thibaud Langeren,5,D,9937 Chinook Point,8149393670
937,Lamont Minster,5,C,86 Schlimgen Hill,6813813429
938,Jeane Garm,5,D,23 Aberg Center,2118429816
939,Henka Brice,5,D,8 Lunder Drive,2947367602
940,Clemens Cana,5,D,290 Merchant Plaza,6864249745
941,Colan Hendren,5,B,820 Randy Road,6204841546
942,Grant Stockbridge,5,B,50078 Declaration Avenue,3848674478
943,Almeta Woolvett,5,A,639 Namekagon Hill,8451799187
944,Tessi Moulding,5,A,82435 South Terrace,4597301559
945,Pavla Hannigane,5,B,6 Doe Crossing Park,1412551314
946,Sheff Kennea,5,D,17 Golf View Pass,7254435959
947,Roch Enns,5,D,841 Gina Circle,7145929559
948,Teressa Jeffress,5,C,0842 Independence Avenue,3917203295
949,Bev Camilleri,5,A,24 Jackson Drive,8241590941
950,Shaughn Casper,5,B,91 Novick Lane,2718273978
951,Merv Growden,5,D,2 Hanover Point,4782572407
952,Charlotte Togwell,5,D,13719 Prairie Rose Junction,2767957898
953,Beverley Jessard,5,D,7 Huxley Park,6588666399
954,Ginnie Bernardos,5,B,4 Mosinee Plaza,4316239932
955,Freeland Fellman,5,C,314 Waywood Pass,2439293485
956,Ranee Peppard,5,C,60994 Service Road,3712128282
957,Graham Somerset,5,C,14756 Barby Crossing,3315932650
958,Madelaine Birbeck,5,C,11 Killdeer Park,4273042488
959,Trista Cozzi,5,A,083 Golf Course Parkway,7087092238
960,Kynthia Sawney,5,D,6261 Dapin Junction,8233039222
961,Cassie Riordan,5,D,3 Stang Terrace,1427345749
962,Bronson Cossum,5,C,4042 Kensington Alley,1565869340
963,Derick Perillo,5,A,23158 Rigney Park,9984752371
964,Suki De Biasi,5,B,4 Reinke Place,4043959140
965,Gibb Scramage,5,A,0685 Manufacturers Park,3152274594
966,Ladonna Shepard,5,D,78014 Center Point,4432781592
967,Carla McCritchie,5,C,0 West Drive,2056450040
968,Grazia McCuaig,5,A,9 Old Shore Point,1201392818
969,Karleen Kaasman,5,C,2905 Laurel Court,3909454979
970,Bambi McAllister,5,C,83 Roth Place,8378042743
971,Electra Enrich,5,D,70616 1st Lane,7935532297
972,Leah Barrat,5,D,5 Katie Parkway,2174880744
973,Minni Schwandermann,5,A,020 Katie Alley,5531022736
974,Ardys Hawkswood,5,D,9 Mendota Circle,5443442567
975,Clarance Beecraft,5,B,154 Kedzie Crossing,8165606909
976,Karilynn Aveson,5,D,470 Blaine Terrace,1152262063
977,Bil Hunstone,5,D,1392 Londonderry Trail,6914054097
978,Bogey Noar,5,B,3 Spaight Lane,9792591466
979,Morey Jones,5,A,20 Homewood Avenue,6641336253
980,Alameda Brayley,5,C,4 Maryland Circle,9369790941
981,Filberte Reisin,5,D,6 Village Center,6437705600
982,Freedman Bickford,5,C,80 Morningstar Pass,6173262161
983,Genni Oseman,5,B,759 Evergreen Parkway,3203603814
984,Rawley Radke,5,A,9 Cordelia Road,8267505649
985,Osbourne Camden,5,A,30564 Pleasure Center,6061135537
986,Orbadiah Baumann,5,C,2971 Warrior Center,7034419724
987,Bondie Rennox,5,D,858 Carey Drive,7358897812
988,Karim Heynen,5,C,15611 Dovetail Crossing,6601458983
989,Riobard Doswell,5,C,6331 Leroy Park,9543085211
990,Greggory Thorlby,5,B,9 Green Circle,5343351226
991,Joel Babinski,5,C,7422 Melrose Alley,9371882110
992,Quinton Hamerton,5,B,2110 Kenwood Drive,5315034586
993,Reinaldo Iddens,5,C,1980 Little Fleur Junction,1821905544
994,Rosemaria Beddon,5,C,13128 Kropf Crossing,1191145187
995,Haskel Druhan,5,D,3461 Sheridan Alley,6393935289
996,Mead Grinvalds,5,A,1 Bonner Road,7241321726
997,Coralie Mattheissen,5,D,74 Monument Road,6741554955
998,Amargo McKerrow,5,D,57 Shoshone Circle,2824984562
999,Ravid Degoy,5,D,84358 Toban Point,5079241157
1000,Gail Cathcart,5,B,830 Coolidge Hill,8866825238
